{
    "environment":{
        "modelsrc": 
            "/home/huijiezhang/Desktop/ProgressLabellerData/model/",
        "modelposesrc": 
            "/home/huijiezhang/Desktop/ProgressLabellerData/COLMAP_recon/",
        "reconstructionsrc":
            "/home/huijiezhang/Desktop/ProgressLabellerData/",
        "imagesrc":
            "/home/huijiezhang/Desktop/ProgressLabellerData/data/rgb/"
        },
    "camera":{
        "resolution": [1280, 720],
        "intrinsic": [[904.572, 0, 635.981],
                      [0, 905.295, 353.060],
                      [0, 0, 1]],
        "lens": 25
    }
}